{"lr": 0.009554699023477876, "data_time": 0.3089630126953125, "loss": 0.012652671849355101, "decode.loss_ce": 0.012652671849355101, "decode.acc_seg": 69.3887710571289, "time": 0.5083739280700683, "iter": 319, "memory": 10902, "step": 319}
{"lr": 0.009105642901675044, "data_time": 0.30513103008270265, "loss": 0.011096932925283909, "decode.loss_ce": 0.011096932925283909, "decode.acc_seg": 73.90432739257812, "time": 0.5042183876037598, "iter": 638, "memory": 5240, "step": 638}
{"aAcc": 98.88, "mIoU": 97.08, "mAcc": 98.9, "mDice": 98.51, "data_time": 0.06405455864335302, "time": 0.11956895855153242, "step": 638}
{"lr": 0.008199858868178618, "data_time": 0.3074538230895996, "loss": 0.008594130259007215, "decode.loss_ce": 0.008594130259007215, "decode.acc_seg": 87.87670135498047, "time": 0.5007467269897461, "iter": 1276, "memory": 9478, "step": 1276}
{"aAcc": 99.14, "mIoU": 97.75, "mAcc": 99.15, "mDice": 98.86, "data_time": 0.059312202781438825, "time": 0.11440169811248779, "step": 1276}
{"lr": 0.007282649919097149, "data_time": 0.31204264163970946, "loss": 0.0075983738526701925, "decode.loss_ce": 0.0075983738526701925, "decode.acc_seg": 81.30950927734375, "time": 0.5050706148147583, "iter": 1914, "memory": 5232, "step": 1914}
{"aAcc": 99.17, "mIoU": 97.82, "mAcc": 99.21, "mDice": 98.9, "data_time": 0.059616051614284515, "time": 0.11421693339943886, "step": 1914}
{"lr": 0.006352196066288884, "data_time": 0.3042248487472534, "loss": 0.007839435804635286, "decode.loss_ce": 0.007839435804635286, "decode.acc_seg": 74.73611450195312, "time": 0.5037431955337525, "iter": 2552, "memory": 5232, "step": 2552}
{"aAcc": 99.23, "mIoU": 97.98, "mAcc": 99.24, "mDice": 98.98, "data_time": 0.058435491472482684, "time": 0.11710638552904129, "step": 2552}
{"lr": 0.0054060271445479065, "data_time": 0.31427960395812987, "loss": 0.007793006813153624, "decode.loss_ce": 0.007793006813153624, "decode.acc_seg": 85.39295196533203, "time": 0.5060473442077636, "iter": 3190, "memory": 5232, "step": 3190}
{"aAcc": 99.24, "mIoU": 98.02, "mAcc": 99.26, "mDice": 99.0, "data_time": 0.06175922602415085, "time": 0.11618019938468933, "step": 3190}
{"lr": 0.004440606892601517, "data_time": 0.31670777797698973, "loss": 0.006771204341202974, "decode.loss_ce": 0.006771204341202974, "decode.acc_seg": 79.43563842773438, "time": 0.5093889951705932, "iter": 3828, "memory": 5232, "step": 3828}
{"aAcc": 99.2, "mIoU": 97.89, "mAcc": 99.2, "mDice": 98.93, "data_time": 0.062005580961704256, "time": 0.11661328077316284, "step": 3828}
{"lr": 0.003450468913211127, "data_time": 0.3099822998046875, "loss": 0.00846971245482564, "decode.loss_ce": 0.00846971245482564, "decode.acc_seg": 78.34120178222656, "time": 0.5040616989135742, "iter": 4466, "memory": 5232, "step": 4466}
{"aAcc": 99.26, "mIoU": 98.06, "mAcc": 99.28, "mDice": 99.02, "data_time": 0.062389396131038666, "time": 0.11696411669254303, "step": 4466}
{"lr": 0.002426073639396226, "data_time": 0.3109468936920166, "loss": 0.006892855046316981, "decode.loss_ce": 0.006892855046316981, "decode.acc_seg": 57.19442367553711, "time": 0.5032191753387452, "iter": 5104, "memory": 5232, "step": 5104}
{"aAcc": 99.29, "mIoU": 98.12, "mAcc": 99.3, "mDice": 99.05, "data_time": 0.06084595546126366, "time": 0.11561695337295533, "step": 5104}
{"lr": 0.0013465119993050422, "data_time": 0.3145677328109741, "loss": 0.0069106047507375475, "decode.loss_ce": 0.0069106047507375475, "decode.acc_seg": 68.90583038330078, "time": 0.5076803684234619, "iter": 5742, "memory": 5232, "step": 5742}
{"aAcc": 99.25, "mIoU": 98.03, "mAcc": 99.27, "mDice": 99.0, "data_time": 0.05949423536658287, "time": 0.11380641609430313, "step": 5742}
{"lr": 0.0001, "data_time": 0.30356392860412595, "loss": 0.006903280597180128, "decode.loss_ce": 0.006903280597180128, "decode.acc_seg": 77.6956558227539, "time": 0.5076528072357178, "iter": 6380, "memory": 5232, "step": 6380}
{"aAcc": 99.26, "mIoU": 98.06, "mAcc": 99.3, "mDice": 99.02, "data_time": 0.05939769148826599, "time": 0.1137175515294075, "step": 6380}
