{"lr": 0.009987428176853774, "data_time": 0.012617778778076173, "loss": 0.5494898378849029, "decode.loss_ce": 0.3656307965517044, "decode.acc_seg": 96.20289611816406, "aux.loss_ce": 0.1838590294122696, "aux.acc_seg": 96.20289611816406, "time": 0.8444172143936157, "iter": 10, "memory": 19492, "step": 10}
{"lr": 0.009105642901675044, "data_time": 0.009505772590637207, "loss": 0.021365620754659177, "decode.loss_ce": 0.013972044549882412, "decode.acc_seg": 95.92747497558594, "aux.loss_ce": 0.007393576530739665, "aux.acc_seg": 95.92747497558594, "time": 0.3250063180923462, "iter": 638, "memory": 13810, "step": 638}
{"aAcc": 98.36, "mIoU": 85.34, "mAcc": 93.33, "mDice": 91.56, "data_time": 0.09847768147786458, "time": 0.4776004155476888, "step": 638}
{"lr": 0.008199858868178618, "data_time": 0.011562418937683106, "loss": 0.014587554708123207, "decode.loss_ce": 0.00962876626290381, "decode.acc_seg": 95.59970092773438, "aux.loss_ce": 0.004958788212388754, "aux.acc_seg": 95.59970092773438, "time": 0.3281590461730957, "iter": 1276, "memory": 13810, "step": 1276}
{"aAcc": 98.43, "mIoU": 85.71, "mAcc": 93.12, "mDice": 91.81, "data_time": 0.03661525249481201, "time": 0.34122252464294434, "step": 1276}
{"lr": 0.007282649919097149, "data_time": 0.013532376289367676, "loss": 0.012599215749651194, "decode.loss_ce": 0.008365901885554194, "decode.acc_seg": 95.63746643066406, "aux.loss_ce": 0.004233313887380063, "aux.acc_seg": 95.63746643066406, "time": 0.3306731224060059, "iter": 1914, "memory": 13810, "step": 1914}
{"aAcc": 98.45, "mIoU": 85.53, "mAcc": 91.83, "mDice": 91.68, "data_time": 0.036502957344055176, "time": 0.12619781494140625, "step": 1914}
