{"lr": 0.009554699023477876, "data_time": 0.0066768407821655275, "loss": 0.020607365015894174, "decode.loss_ce": 0.012939975876361132, "decode.acc_seg": 99.13616180419922, "aux.loss_ce": 0.007667388883419335, "aux.acc_seg": 99.17774200439453, "time": 0.5245690822601319, "iter": 319, "memory": 18696, "step": 319}
{"lr": 0.009105642901675044, "data_time": 0.008777260780334473, "loss": 0.013363682758063078, "decode.loss_ce": 0.009044644609093665, "decode.acc_seg": 99.15132141113281, "aux.loss_ce": 0.004319037985987961, "aux.acc_seg": 99.13835144042969, "time": 0.5284802436828613, "iter": 638, "memory": 16834, "step": 638}
{"aAcc": 98.47, "mIoU": 96.0, "mAcc": 97.98, "mDice": 97.95, "data_time": 0.06598856531340501, "time": 0.10795585862521467, "step": 638}
{"lr": 0.008199858868178618, "data_time": 0.007022976875305176, "loss": 0.011843918962404132, "decode.loss_ce": 0.008179456600919366, "decode.acc_seg": 99.23486328125, "aux.loss_ce": 0.0036644623149186374, "aux.acc_seg": 99.19023132324219, "time": 0.5259804964065552, "iter": 1276, "memory": 16834, "step": 1276}
{"aAcc": 98.54, "mIoU": 96.17, "mAcc": 97.88, "mDice": 98.04, "data_time": 0.061417320370674135, "time": 0.10071553885936738, "step": 1276}
{"lr": 0.007282649919097149, "data_time": 0.007642054557800293, "loss": 0.009833233151584863, "decode.loss_ce": 0.006718617025762796, "decode.acc_seg": 99.60394287109375, "aux.loss_ce": 0.00311461603268981, "aux.acc_seg": 99.58085632324219, "time": 0.5273606300354003, "iter": 1914, "memory": 16834, "step": 1914}
{"aAcc": 98.56, "mIoU": 96.22, "mAcc": 97.94, "mDice": 98.07, "data_time": 0.0648804746568203, "time": 0.10399135500192642, "step": 1914}
{"lr": 0.006352196066288884, "data_time": 0.00768890380859375, "loss": 0.009976247511804103, "decode.loss_ce": 0.0067910924553871155, "decode.acc_seg": 99.58619689941406, "aux.loss_ce": 0.0031851549400016667, "aux.acc_seg": 99.51229095458984, "time": 0.5268093585968018, "iter": 2552, "memory": 16834, "step": 2552}
{"aAcc": 98.54, "mIoU": 96.19, "mAcc": 97.99, "mDice": 98.05, "data_time": 0.06356211155653, "time": 0.10241841599345207, "step": 2552}
{"lr": 0.0054060271445479065, "data_time": 0.006500792503356933, "loss": 0.010177977243438363, "decode.loss_ce": 0.0069567731115967035, "decode.acc_seg": 99.21798706054688, "aux.loss_ce": 0.0032212042482569815, "aux.acc_seg": 99.23849487304688, "time": 0.5249502897262573, "iter": 3190, "memory": 16834, "step": 3190}
{"aAcc": 98.59, "mIoU": 96.31, "mAcc": 98.08, "mDice": 98.11, "data_time": 0.06324496567249298, "time": 0.10211369544267654, "step": 3190}
{"lr": 0.004440606892601517, "data_time": 0.0065842151641845705, "loss": 0.008938621683046221, "decode.loss_ce": 0.006220937799662351, "decode.acc_seg": 99.2879867553711, "aux.loss_ce": 0.002717683871742338, "aux.acc_seg": 99.30906677246094, "time": 0.5253435611724854, "iter": 3828, "memory": 16834, "step": 3828}
{"aAcc": 98.6, "mIoU": 96.34, "mAcc": 98.09, "mDice": 98.12, "data_time": 0.06463767662644386, "time": 0.10377120450139046, "step": 3828}
{"lr": 0.003450468913211127, "data_time": 0.006490445137023926, "loss": 0.010219085356220603, "decode.loss_ce": 0.007003971189260483, "decode.acc_seg": 99.32412719726562, "aux.loss_ce": 0.0032151141436770557, "aux.acc_seg": 99.27072143554688, "time": 0.5253395318984986, "iter": 4466, "memory": 16834, "step": 4466}
{"aAcc": 98.66, "mIoU": 96.48, "mAcc": 98.18, "mDice": 98.2, "data_time": 0.0651407115161419, "time": 0.10391785427927971, "step": 4466}
{"lr": 0.002426073639396226, "data_time": 0.007650208473205566, "loss": 0.008618724951520561, "decode.loss_ce": 0.006028742156922817, "decode.acc_seg": 99.5962142944336, "aux.loss_ce": 0.0025899828993715345, "aux.acc_seg": 99.57571411132812, "time": 0.5244677543640137, "iter": 5104, "memory": 16834, "step": 5104}
{"aAcc": 98.64, "mIoU": 96.44, "mAcc": 98.1, "mDice": 98.18, "data_time": 0.06068255007266998, "time": 0.0996974915266037, "step": 5104}
{"lr": 0.0013465119993050422, "data_time": 0.009541678428649902, "loss": 0.009318296518176793, "decode.loss_ce": 0.00627412716858089, "decode.acc_seg": 99.15628051757812, "aux.loss_ce": 0.003044169454369694, "aux.acc_seg": 99.13673400878906, "time": 0.5269872903823852, "iter": 5742, "memory": 16834, "step": 5742}
{"aAcc": 98.62, "mIoU": 96.38, "mAcc": 98.09, "mDice": 98.15, "data_time": 0.05973921790719032, "time": 0.09885824695229531, "step": 5742}
{"lr": 0.0001, "data_time": 0.01948208808898926, "loss": 0.008724354999139905, "decode.loss_ce": 0.005966853629797697, "decode.acc_seg": 99.2391586303711, "aux.loss_ce": 0.002757501311134547, "aux.acc_seg": 99.21417236328125, "time": 0.5385455846786499, "iter": 6380, "memory": 16834, "step": 6380}
{"aAcc": 98.64, "mIoU": 96.45, "mAcc": 98.19, "mDice": 98.18, "data_time": 0.059718067198991774, "time": 0.09867955073714256, "step": 6380}
