{"lr": 0.009987428176853774, "data_time": 0.009493303298950196, "loss": 0.5600572437047958, "decode.loss_ce": 0.3734002158045769, "decode.acc_seg": 95.2127456665039, "aux.loss_ce": 0.18665702641010284, "aux.acc_seg": 95.2127456665039, "time": 0.8255780696868896, "iter": 10, "memory": 19492, "step": 10}
{"lr": 0.009105642901675044, "data_time": 0.010416102409362794, "loss": 0.02142167594283819, "decode.loss_ce": 0.013985012378543615, "decode.acc_seg": 95.53184509277344, "aux.loss_ce": 0.007436663238331675, "aux.acc_seg": 95.53184509277344, "time": 0.3260606288909912, "iter": 638, "memory": 13810, "step": 638}
{"aAcc": 98.29, "mIoU": 85.17, "mAcc": 94.63, "mDice": 91.45, "data_time": 0.087952454884847, "time": 0.4639764626820882, "step": 638}
{"lr": 0.008199858868178618, "data_time": 0.010069513320922851, "loss": 0.014827592205256224, "decode.loss_ce": 0.009614397818222643, "decode.acc_seg": 97.26433563232422, "aux.loss_ce": 0.005213194387033581, "aux.acc_seg": 97.26433563232422, "time": 0.3268421173095703, "iter": 1276, "memory": 13810, "step": 1276}
{"aAcc": 98.39, "mIoU": 85.56, "mAcc": 93.49, "mDice": 91.71, "data_time": 0.032794833183288574, "time": 0.32873958349227905, "step": 1276}
{"lr": 0.007282649919097149, "data_time": 0.00917811393737793, "loss": 0.012248019687831402, "decode.loss_ce": 0.0080164750572294, "decode.acc_seg": 96.9431381225586, "aux.loss_ce": 0.004231544537469744, "aux.acc_seg": 96.9431381225586, "time": 0.3243419170379639, "iter": 1914, "memory": 13810, "step": 1914}
{"aAcc": 98.4, "mIoU": 85.64, "mAcc": 93.64, "mDice": 91.76, "data_time": 0.031830430030822754, "time": 0.11864107847213745, "step": 1914}
{"lr": 0.006352196066288884, "data_time": 0.012191557884216308, "loss": 0.011880939174443484, "decode.loss_ce": 0.007773136021569371, "decode.acc_seg": 96.10667419433594, "aux.loss_ce": 0.004107802850194275, "aux.acc_seg": 96.10667419433594, "time": 0.3298443078994751, "iter": 2552, "memory": 13810, "step": 2552}
{"aAcc": 98.49, "mIoU": 86.07, "mAcc": 92.8, "mDice": 92.04, "data_time": 0.03601491451263428, "time": 0.12430316209793091, "step": 2552}
{"lr": 0.0054060271445479065, "data_time": 0.014688229560852051, "loss": 0.010643105581402778, "decode.loss_ce": 0.006974787032231688, "decode.acc_seg": 96.27132415771484, "aux.loss_ce": 0.0036683185724541547, "aux.acc_seg": 96.27132415771484, "time": 0.33300907611846925, "iter": 3190, "memory": 13810, "step": 3190}
{"aAcc": 98.44, "mIoU": 85.93, "mAcc": 93.57, "mDice": 91.95, "data_time": 0.03160429000854492, "time": 0.11746877431869507, "step": 3190}
{"lr": 0.004440606892601517, "data_time": 0.014269447326660157, "loss": 0.010662739351391792, "decode.loss_ce": 0.0069552598055452105, "decode.acc_seg": 97.77355194091797, "aux.loss_ce": 0.0037074793595820664, "aux.acc_seg": 97.77355194091797, "time": 0.33275785446166994, "iter": 3828, "memory": 13810, "step": 3828}
{"aAcc": 98.45, "mIoU": 86.14, "mAcc": 94.26, "mDice": 92.08, "data_time": 0.033186256885528564, "time": 0.11878544092178345, "step": 3828}
{"lr": 0.003450468913211127, "data_time": 0.012270736694335937, "loss": 0.010073542874306441, "decode.loss_ce": 0.006552475597709417, "decode.acc_seg": 95.97625732421875, "aux.loss_ce": 0.0035210672533139585, "aux.acc_seg": 95.97625732421875, "time": 0.3296198844909668, "iter": 4466, "memory": 13810, "step": 4466}
{"aAcc": 98.45, "mIoU": 86.12, "mAcc": 94.28, "mDice": 92.07, "data_time": 0.032139360904693604, "time": 0.1180679202079773, "step": 4466}
{"lr": 0.002426073639396226, "data_time": 0.014679241180419921, "loss": 0.010012986231595277, "decode.loss_ce": 0.006517831282690167, "decode.acc_seg": 96.11968994140625, "aux.loss_ce": 0.003495154972188175, "aux.acc_seg": 96.11968994140625, "time": 0.3339266777038574, "iter": 5104, "memory": 13810, "step": 5104}
{"aAcc": 98.47, "mIoU": 86.34, "mAcc": 94.55, "mDice": 92.22, "data_time": 0.03205925226211548, "time": 0.1191108226776123, "step": 5104}
{"lr": 0.0013465119993050422, "data_time": 0.013481545448303222, "loss": 0.010000238148495554, "decode.loss_ce": 0.006472408445551992, "decode.acc_seg": 96.01278686523438, "aux.loss_ce": 0.0035278297727927566, "aux.acc_seg": 96.01278686523438, "time": 0.33306121826171875, "iter": 5742, "memory": 13810, "step": 5742}
{"aAcc": 98.46, "mIoU": 86.23, "mAcc": 94.31, "mDice": 92.15, "data_time": 0.032360851764678955, "time": 0.11817145347595215, "step": 5742}
{"lr": 0.0001, "data_time": 0.01345362663269043, "loss": 0.009396221581846475, "decode.loss_ce": 0.006055254675447941, "decode.acc_seg": 96.86450958251953, "aux.loss_ce": 0.003340966976247728, "aux.acc_seg": 96.86450958251953, "time": 0.33232822418212893, "iter": 6380, "memory": 13810, "step": 6380}
{"aAcc": 98.47, "mIoU": 86.3, "mAcc": 94.35, "mDice": 92.19, "data_time": 0.032959938049316406, "time": 0.11974400281906128, "step": 6380}
