{"lr": 0.0009186948092431759, "data_time": 0.08869489034016927, "loss": 0.10645047724246978, "decode.loss_ce": 0.07305162101984024, "decode.acc_seg": 96.12689208984375, "aux.loss_ce": 0.03339885696768761, "aux.acc_seg": 96.12689208984375, "time": 0.4637451966603597, "iter": 638, "memory": 13810, "_timestamp": 1707052534.699026, "_runtime": 223.58833813667297, "_step": 2, "aAcc": 95.44, "mIoU": 51.21, "mAcc": 53.49, "mDice": 55.36, "_wandb": {"runtime": 246}}