{"lr": 0.0001, "data_time": 0.032959938049316406, "loss": 0.009396221581846475, "decode.loss_ce": 0.006055254675447941, "decode.acc_seg": 96.86450958251953, "aux.loss_ce": 0.003340966976247728, "aux.acc_seg": 96.86450958251953, "time": 0.11974400281906128, "iter": 6380, "memory": 13810, "_timestamp": 1707054730.5189216, "_runtime": 2148.730880498886, "_step": 20, "aAcc": 98.47, "mIoU": 86.3, "mAcc": 94.35, "mDice": 92.19, "_wandb": {"runtime": 2147}}