{"lr": 0.0001, "data_time": 0.050895555317401885, "loss": 0.0066994768101722, "decode.loss_ce": 0.0066994768101722, "decode.acc_seg": 78.25984954833984, "time": 0.10274459570646285, "iter": 6380, "memory": 5232, "_timestamp": 1707206253.7621348, "_runtime": 3127.8659846782684, "_step": 20, "aAcc": 99.29, "mIoU": 98.14, "mAcc": 99.29, "mDice": 99.06, "_wandb": {"runtime": 3127}}