{"lr": 0.009554699023477876, "data_time": 0.3210225820541382, "loss": 0.040746149979531764, "decode.loss_ce": 0.024688611458986997, "decode.acc_seg": 58.68339538574219, "aux.loss_ce": 0.016057538287714123, "aux.acc_seg": 58.68339538574219, "time": 0.5100969314575196, "iter": 319, "memory": 19934, "step": 319}
{"lr": 0.009105642901675044, "data_time": 0.32311139106750486, "loss": 0.03038756437599659, "decode.loss_ce": 0.01888100625947118, "decode.acc_seg": 70.68862915039062, "aux.loss_ce": 0.011506557883694767, "aux.acc_seg": 70.68862915039062, "time": 0.512490177154541, "iter": 638, "memory": 8510, "step": 638}
{"aAcc": 98.93, "mIoU": 97.19, "mAcc": 98.81, "mDice": 98.57, "data_time": 0.061757900871826935, "time": 0.10348391906594781, "step": 638}
{"lr": 0.008199858868178618, "data_time": 0.32679660320281984, "loss": 0.02292714547365904, "decode.loss_ce": 0.015871087927371262, "decode.acc_seg": 66.53852844238281, "aux.loss_ce": 0.007056057499721646, "aux.acc_seg": 66.53852844238281, "time": 0.5173522233963013, "iter": 1276, "memory": 9655, "step": 1276}
{"aAcc": 99.2, "mIoU": 97.89, "mAcc": 99.1, "mDice": 98.93, "data_time": 0.060203617066144945, "time": 0.10065215453505516, "step": 1276}
{"lr": 0.007282649919097149, "data_time": 0.325467848777771, "loss": 0.020724710635840894, "decode.loss_ce": 0.014320315886288881, "decode.acc_seg": 72.6387939453125, "aux.loss_ce": 0.00640439479611814, "aux.acc_seg": 72.6387939453125, "time": 0.5134381532669068, "iter": 1914, "memory": 8510, "step": 1914}
{"aAcc": 99.17, "mIoU": 97.83, "mAcc": 99.15, "mDice": 98.9, "data_time": 0.05859098881483078, "time": 0.09808884486556053, "step": 1914}
{"lr": 0.006352196066288884, "data_time": 0.3246783971786499, "loss": 0.02223326824605465, "decode.loss_ce": 0.015664495155215265, "decode.acc_seg": 73.57072448730469, "aux.loss_ce": 0.006568772951141, "aux.acc_seg": 73.57072448730469, "time": 0.5132689237594604, "iter": 2552, "memory": 8510, "step": 2552}
{"aAcc": 99.23, "mIoU": 97.97, "mAcc": 99.21, "mDice": 98.97, "data_time": 0.06058326438069343, "time": 0.10069687962532044, "step": 2552}
{"lr": 0.0054060271445479065, "data_time": 0.32474989891052247, "loss": 0.020553738065063953, "decode.loss_ce": 0.014216847717761993, "decode.acc_seg": 81.27059936523438, "aux.loss_ce": 0.006336890626698732, "aux.acc_seg": 81.27059936523438, "time": 0.5149136543273926, "iter": 3190, "memory": 8510, "step": 3190}
{"aAcc": 99.24, "mIoU": 98.0, "mAcc": 99.27, "mDice": 98.99, "data_time": 0.05751704722642899, "time": 0.09802425503730774, "step": 3190}
{"lr": 0.004440606892601517, "data_time": 0.3311368465423584, "loss": 0.017444629780948163, "decode.loss_ce": 0.01219721334055066, "decode.acc_seg": 72.94664001464844, "aux.loss_ce": 0.005247416603378951, "aux.acc_seg": 72.94664001464844, "time": 0.520149827003479, "iter": 3828, "memory": 8510, "step": 3828}
{"aAcc": 99.31, "mIoU": 98.17, "mAcc": 99.21, "mDice": 99.08, "data_time": 0.05775892585515976, "time": 0.09787202775478362, "step": 3828}
{"lr": 0.003450468913211127, "data_time": 0.3298774003982544, "loss": 0.02082015052437782, "decode.loss_ce": 0.01443546311929822, "decode.acc_seg": 53.1524658203125, "aux.loss_ce": 0.006384687032550573, "aux.acc_seg": 53.1524658203125, "time": 0.5185587644577027, "iter": 4466, "memory": 8510, "step": 4466}
{"aAcc": 99.31, "mIoU": 98.19, "mAcc": 99.25, "mDice": 99.09, "data_time": 0.059501159191131595, "time": 0.09974533766508102, "step": 4466}
{"lr": 0.002426073639396226, "data_time": 0.3280395746231079, "loss": 0.02186550684273243, "decode.loss_ce": 0.013631534297019243, "decode.acc_seg": 73.85758972167969, "aux.loss_ce": 0.008233972312882542, "aux.acc_seg": 73.85758972167969, "time": 0.5194037437438965, "iter": 5104, "memory": 8510, "step": 5104}
{"aAcc": 99.21, "mIoU": 97.93, "mAcc": 99.13, "mDice": 98.95, "data_time": 0.05860501006245613, "time": 0.09887450933456421, "step": 5104}
{"lr": 0.0013465119993050422, "data_time": 0.31712419986724855, "loss": 0.020942554250359534, "decode.loss_ce": 0.01447450676932931, "decode.acc_seg": 61.4349365234375, "aux.loss_ce": 0.006468047574162483, "aux.acc_seg": 61.4349365234375, "time": 0.5088175535202026, "iter": 5742, "memory": 8510, "step": 5742}
{"aAcc": 99.31, "mIoU": 98.17, "mAcc": 99.2, "mDice": 99.08, "data_time": 0.06109919100999832, "time": 0.10129327848553657, "step": 5742}
{"lr": 0.0001, "data_time": 0.3267974376678467, "loss": 0.018581228330731392, "decode.loss_ce": 0.01296142740175128, "decode.acc_seg": 74.0447998046875, "aux.loss_ce": 0.0056198009755462405, "aux.acc_seg": 74.0447998046875, "time": 0.5158865213394165, "iter": 6380, "memory": 8510, "step": 6380}
{"aAcc": 99.28, "mIoU": 98.09, "mAcc": 99.24, "mDice": 99.04, "data_time": 0.05945372655987739, "time": 0.10019239261746407, "step": 6380}
