{"lr": 0.0071122704218192796, "data_time": 0.28669214248657227, "loss": 0.32655772268772126, "decode.loss_ce": 0.23231782466173173, "decode.acc_seg": 73.4537124633789, "aux.loss_ce": 0.09423989653587342, "aux.acc_seg": 73.4537124633789, "time": 0.508933711051941, "iter": 319, "memory": 20847, "step": 319}
{"aAcc": 82.81, "mIoU": 57.11, "mAcc": 66.5, "mDice": 69.63, "data_time": 0.032375033746318754, "time": 0.10566045423286462, "step": 319}
{"lr": 0.004070671591433757, "data_time": 0.285610032081604, "loss": 0.13129878267645836, "decode.loss_ce": 0.09235837869346142, "decode.acc_seg": 85.43834686279297, "aux.loss_ce": 0.038940402679145336, "aux.acc_seg": 85.43834686279297, "time": 0.5077390432357788, "iter": 638, "memory": 8919, "step": 638}
{"aAcc": 92.64, "mIoU": 81.09, "mAcc": 86.07, "mDice": 89.22, "data_time": 0.033281249552965166, "time": 0.10249949991703033, "step": 638}
{"lr": 0.0006836437849569917, "data_time": 0.2894412040710449, "loss": 0.10532243177294731, "decode.loss_ce": 0.07433825097978115, "decode.acc_seg": 69.0073013305664, "aux.loss_ce": 0.030984179116785526, "aux.acc_seg": 69.0073013305664, "time": 0.5116841793060303, "iter": 957, "memory": 8918, "step": 957}
{"aAcc": 95.05, "mIoU": 87.31, "mAcc": 91.37, "mDice": 93.1, "data_time": 0.03288416862487793, "time": 0.10255658626556396, "step": 957}
{"lr": 0.0001, "data_time": 0.28723716735839844, "loss": 0.10785616114735604, "decode.loss_ce": 0.07643917612731457, "decode.acc_seg": 72.2159423828125, "aux.loss_ce": 0.031416984274983406, "aux.acc_seg": 72.2159423828125, "time": 0.5099982261657715, "iter": 1276, "memory": 8918, "step": 1276}
{"aAcc": 95.74, "mIoU": 88.97, "mAcc": 92.35, "mDice": 94.07, "data_time": 0.031389772146940234, "time": 0.10019939839839935, "step": 1276}
{"lr": 0.0001, "data_time": 0.2917036056518555, "loss": 0.09191653244197369, "decode.loss_ce": 0.0642415575683117, "decode.acc_seg": 64.65921020507812, "aux.loss_ce": 0.027674974408000708, "aux.acc_seg": 64.65921020507812, "time": 0.5140269279479981, "iter": 1595, "memory": 8918, "step": 1595}
{"aAcc": 95.18, "mIoU": 87.54, "mAcc": 91.24, "mDice": 93.23, "data_time": 0.0310640849173069, "time": 0.10044525042176247, "step": 1595}
{"lr": 0.0001, "data_time": 0.2893198013305664, "loss": 0.10213780105113983, "decode.loss_ce": 0.07208725772798061, "decode.acc_seg": 60.78901290893555, "aux.loss_ce": 0.030050544254481792, "aux.acc_seg": 60.78901290893555, "time": 0.5115611553192139, "iter": 1914, "memory": 8918, "step": 1914}
{"aAcc": 95.61, "mIoU": 88.74, "mAcc": 92.56, "mDice": 93.94, "data_time": 0.03224895596504211, "time": 0.10172981545329093, "step": 1914}
{"lr": 0.0001, "data_time": 0.2899943351745605, "loss": 0.12901499308645725, "decode.loss_ce": 0.09327926896512509, "decode.acc_seg": 85.01997375488281, "aux.loss_ce": 0.035735725052654745, "aux.acc_seg": 85.01997375488281, "time": 0.5113445520401001, "iter": 2233, "memory": 8918, "step": 2233}
{"aAcc": 95.89, "mIoU": 89.35, "mAcc": 92.65, "mDice": 94.29, "data_time": 0.037013744562864305, "time": 0.10707369595766067, "step": 2233}
{"lr": 0.0001, "data_time": 0.29071547985076907, "loss": 0.08450759276747703, "decode.loss_ce": 0.05887429900467396, "decode.acc_seg": 86.89556121826172, "aux.loss_ce": 0.025633293204009533, "aux.acc_seg": 86.89556121826172, "time": 0.5128584861755371, "iter": 2552, "memory": 8918, "step": 2552}
{"aAcc": 94.45, "mIoU": 85.68, "mAcc": 89.75, "mDice": 92.12, "data_time": 0.03586418703198433, "time": 0.10607142969965935, "step": 2552}
{"lr": 0.0001, "data_time": 0.28298749923706057, "loss": 0.1103336576372385, "decode.loss_ce": 0.07672273851931095, "decode.acc_seg": 63.41238021850586, "aux.loss_ce": 0.0336109196767211, "aux.acc_seg": 63.41238021850586, "time": 0.5052595853805542, "iter": 2871, "memory": 8918, "step": 2871}
{"aAcc": 95.66, "mIoU": 88.78, "mAcc": 92.25, "mDice": 93.96, "data_time": 0.03433724865317345, "time": 0.10454525053501129, "step": 2871}
{"lr": 0.0001, "data_time": 0.29213452339172363, "loss": 0.07521399743854999, "decode.loss_ce": 0.0520544683560729, "decode.acc_seg": 76.76944732666016, "aux.loss_ce": 0.02315952945500612, "aux.acc_seg": 76.76944732666016, "time": 0.5146326303482056, "iter": 3190, "memory": 8918, "step": 3190}
{"aAcc": 94.62, "mIoU": 86.09, "mAcc": 90.02, "mDice": 92.36, "data_time": 0.03040473386645317, "time": 0.09972144439816474, "step": 3190}
