{"aAcc": 94.62, "mIoU": 86.09, "mAcc": 90.02, "mDice": 92.36, "data_time": 0.31887798249534677, "time": 0.4044082777627209}