{"lr": 0.0071122704218192796, "data_time": 0.2903639316558838, "loss": 0.34904634952545166, "decode.loss_ce": 0.252795036137104, "decode.acc_seg": 69.34280395507812, "aux.loss_ce": 0.09625131413340568, "aux.acc_seg": 69.34280395507812, "time": 0.5123520374298096, "iter": 319, "memory": 20847, "step": 319}
{"lr": 0.004070671591433757, "data_time": 0.2882246494293213, "loss": 0.2040622465312481, "decode.loss_ce": 0.14676904492080212, "decode.acc_seg": 73.18505859375, "aux.loss_ce": 0.057293199375271796, "aux.acc_seg": 73.18505859375, "time": 0.5092778205871582, "iter": 638, "memory": 8656, "step": 638}
{"aAcc": 91.93, "mIoU": 79.41, "mAcc": 84.91, "mDice": 88.12, "data_time": 0.030470046130093662, "time": 0.10464516179314975, "step": 638}
{"lr": 0.0001, "data_time": 0.2901907920837402, "loss": 0.07373128794133663, "decode.loss_ce": 0.051189633645117284, "decode.acc_seg": 71.45557403564453, "aux.loss_ce": 0.022541654016822576, "aux.acc_seg": 71.45557403564453, "time": 0.5116472005844116, "iter": 1276, "memory": 9159, "step": 1276}
{"aAcc": 94.75, "mIoU": 86.45, "mAcc": 90.38, "mDice": 92.58, "data_time": 0.028397268801927566, "time": 0.09854207932949066, "step": 1276}
{"lr": 0.0001, "data_time": 0.286798095703125, "loss": 0.08629936687648296, "decode.loss_ce": 0.06041854489594698, "decode.acc_seg": 67.83123016357422, "aux.loss_ce": 0.025880822632461786, "aux.acc_seg": 67.83123016357422, "time": 0.5088748931884766, "iter": 1914, "memory": 8656, "step": 1914}
{"aAcc": 92.62, "mIoU": 81.05, "mAcc": 86.04, "mDice": 89.2, "data_time": 0.02861626073718071, "time": 0.0988314338028431, "step": 1914}
{"lr": 0.0001, "data_time": 0.2877434968948364, "loss": 0.07324539348483086, "decode.loss_ce": 0.05123734101653099, "decode.acc_seg": 84.54084777832031, "aux.loss_ce": 0.02200805125758052, "aux.acc_seg": 84.54084777832031, "time": 0.5091086864471436, "iter": 2552, "memory": 8656, "step": 2552}
{"aAcc": 94.29, "mIoU": 85.25, "mAcc": 89.35, "mDice": 91.85, "data_time": 0.030453266203403474, "time": 0.10036254450678825, "step": 2552}
{"lr": 0.0001, "data_time": 0.2944042205810547, "loss": 0.07314647100865841, "decode.loss_ce": 0.050908100046217444, "decode.acc_seg": 76.65729522705078, "aux.loss_ce": 0.022238370776176453, "aux.acc_seg": 76.65729522705078, "time": 0.5163661241531372, "iter": 3190, "memory": 8656, "step": 3190}
{"aAcc": 95.22, "mIoU": 87.66, "mAcc": 91.39, "mDice": 93.31, "data_time": 0.028514493256807327, "time": 0.09836834073066711, "step": 3190}
{"lr": 0.0001, "data_time": 0.2941965341567993, "loss": 0.07427124865353107, "decode.loss_ce": 0.051754758879542354, "decode.acc_seg": 75.96673583984375, "aux.loss_ce": 0.02251648819074035, "aux.acc_seg": 75.96673583984375, "time": 0.5161042928695678, "iter": 3828, "memory": 8656, "step": 3828}
{"aAcc": 93.14, "mIoU": 82.28, "mAcc": 86.88, "mDice": 89.99, "data_time": 0.028512728214263917, "time": 0.0983469769358635, "step": 3828}
{"lr": 0.0001, "data_time": 0.28967981338500975, "loss": 0.12532063238322735, "decode.loss_ce": 0.08842651657760144, "decode.acc_seg": 89.82000732421875, "aux.loss_ce": 0.03689411785453558, "aux.acc_seg": 89.82000732421875, "time": 0.5116588115692139, "iter": 4466, "memory": 8656, "step": 4466}
{"aAcc": 95.73, "mIoU": 89.03, "mAcc": 92.7, "mDice": 94.1, "data_time": 0.028284111618995668, "time": 0.09837460219860077, "step": 4466}
{"lr": 0.0001, "data_time": 0.29160547256469727, "loss": 0.07401181869208813, "decode.loss_ce": 0.05134695954620838, "decode.acc_seg": 76.34754180908203, "aux.loss_ce": 0.022664858773350716, "aux.acc_seg": 76.34754180908203, "time": 0.5134189367294312, "iter": 5104, "memory": 8656, "step": 5104}
{"aAcc": 94.25, "mIoU": 85.16, "mAcc": 89.31, "mDice": 91.8, "data_time": 0.028079331666231156, "time": 0.09815060421824455, "step": 5104}
{"lr": 0.0001, "data_time": 0.28677241802215575, "loss": 0.09490735977888107, "decode.loss_ce": 0.06599090434610844, "decode.acc_seg": 75.26731872558594, "aux.loss_ce": 0.02891645412892103, "aux.acc_seg": 75.26731872558594, "time": 0.5087503671646119, "iter": 5742, "memory": 8656, "step": 5742}
{"aAcc": 94.84, "mIoU": 86.74, "mAcc": 90.84, "mDice": 92.76, "data_time": 0.02875603884458542, "time": 0.09827548488974572, "step": 5742}
{"lr": 0.0001, "data_time": 0.28753459453582764, "loss": 0.07539935000240802, "decode.loss_ce": 0.05240121558308601, "decode.acc_seg": 76.07603454589844, "aux.loss_ce": 0.022998134046792983, "aux.acc_seg": 76.07603454589844, "time": 0.5096253395080567, "iter": 6380, "memory": 8656, "step": 6380}
{"aAcc": 94.9, "mIoU": 86.79, "mAcc": 90.58, "mDice": 92.79, "data_time": 0.028754598647356033, "time": 0.09853781536221504, "step": 6380}
