{"lr": 0.009554699023477876, "data_time": 0.2893460512161255, "loss": 0.0276298638433218, "decode.loss_ce": 0.0276298638433218, "decode.acc_seg": 71.69313049316406, "time": 0.4818516731262207, "iter": 319, "memory": 10902, "step": 319}
{"lr": 0.009105642901675044, "data_time": 0.2394853115081787, "loss": 0.00866427794098854, "decode.loss_ce": 0.00866427794098854, "decode.acc_seg": 89.70279693603516, "time": 0.4306538820266724, "iter": 638, "memory": 5240, "step": 638}
{"aAcc": 99.17, "mIoU": 97.82, "mAcc": 99.15, "mDice": 98.89, "data_time": 0.05010317111837453, "time": 0.1045028879351003, "step": 638}
{"lr": 0.008199858868178618, "data_time": 0.2440020799636841, "loss": 0.008584541827440261, "decode.loss_ce": 0.008584541827440261, "decode.acc_seg": 76.73234558105469, "time": 0.43840301036834717, "iter": 1276, "memory": 9478, "step": 1276}
{"aAcc": 99.27, "mIoU": 98.08, "mAcc": 99.24, "mDice": 99.03, "data_time": 0.05122959613800049, "time": 0.10450127124786376, "step": 1276}
{"lr": 0.007282649919097149, "data_time": 0.2382448673248291, "loss": 0.008113447902724146, "decode.loss_ce": 0.008113447902724146, "decode.acc_seg": 85.22749328613281, "time": 0.42961671352386477, "iter": 1914, "memory": 5232, "step": 1914}
{"aAcc": 99.17, "mIoU": 97.82, "mAcc": 99.21, "mDice": 98.89, "data_time": 0.052265113592147826, "time": 0.10481797382235528, "step": 1914}
{"lr": 0.006352196066288884, "data_time": 0.2470396041870117, "loss": 0.007022092817351222, "decode.loss_ce": 0.007022092817351222, "decode.acc_seg": 69.25525665283203, "time": 0.4368013858795166, "iter": 2552, "memory": 5232, "step": 2552}
{"aAcc": 99.2, "mIoU": 97.9, "mAcc": 99.22, "mDice": 98.93, "data_time": 0.05119414702057838, "time": 0.10265044122934341, "step": 2552}
{"lr": 0.0054060271445479065, "data_time": 0.24121568202972413, "loss": 0.0076002184301614765, "decode.loss_ce": 0.0076002184301614765, "decode.acc_seg": 60.666561126708984, "time": 0.43443281650543214, "iter": 3190, "memory": 5232, "step": 3190}
{"aAcc": 99.25, "mIoU": 98.02, "mAcc": 99.27, "mDice": 99.0, "data_time": 0.05039021894335747, "time": 0.10243188217282295, "step": 3190}
{"lr": 0.004440606892601517, "data_time": 0.24281458854675292, "loss": 0.007071354147046805, "decode.loss_ce": 0.007071354147046805, "decode.acc_seg": 87.85104370117188, "time": 0.4335529327392578, "iter": 3828, "memory": 5232, "step": 3828}
{"aAcc": 99.27, "mIoU": 98.09, "mAcc": 99.27, "mDice": 99.03, "data_time": 0.05153037160634995, "time": 0.10323508903384208, "step": 3828}
{"lr": 0.003450468913211127, "data_time": 0.24909958839416504, "loss": 0.007590312790125608, "decode.loss_ce": 0.007590312790125608, "decode.acc_seg": 71.35018920898438, "time": 0.438884973526001, "iter": 4466, "memory": 5232, "step": 4466}
{"aAcc": 99.27, "mIoU": 98.08, "mAcc": 99.3, "mDice": 99.03, "data_time": 0.05102505460381508, "time": 0.10295702219009399, "step": 4466}
{"lr": 0.002426073639396226, "data_time": 0.24739835262298585, "loss": 0.007333344174548983, "decode.loss_ce": 0.007333344174548983, "decode.acc_seg": 88.47770690917969, "time": 0.43723795413970945, "iter": 5104, "memory": 5232, "step": 5104}
{"aAcc": 99.27, "mIoU": 98.09, "mAcc": 99.29, "mDice": 99.03, "data_time": 0.05064733624458313, "time": 0.10290034636855125, "step": 5104}
{"lr": 0.0013465119993050422, "data_time": 0.2452765703201294, "loss": 0.008308317558839918, "decode.loss_ce": 0.008308317558839918, "decode.acc_seg": 69.8293685913086, "time": 0.4353391885757446, "iter": 5742, "memory": 5232, "step": 5742}
{"aAcc": 99.29, "mIoU": 98.13, "mAcc": 99.29, "mDice": 99.05, "data_time": 0.05099042952060699, "time": 0.10349099859595298, "step": 5742}
{"lr": 0.0001, "data_time": 0.24917998313903808, "loss": 0.0066994768101722, "decode.loss_ce": 0.0066994768101722, "decode.acc_seg": 78.25984954833984, "time": 0.4391953945159912, "iter": 6380, "memory": 5232, "step": 6380}
{"aAcc": 99.29, "mIoU": 98.14, "mAcc": 99.29, "mDice": 99.06, "data_time": 0.050895555317401885, "time": 0.10274459570646285, "step": 6380}
