{"aAcc": 99.29, "mIoU": 98.12, "mAcc": 99.3, "mDice": 99.05, "data_time": 0.06455582660567424, "time": 0.1251157750156606}