{"lr": 0.0009988571069867065, "data_time": 0.011659359931945801, "loss": 0.8344837486743927, "decode.loss_ce": 0.5639026284217834, "decode.acc_seg": 95.96910095214844, "aux.loss_ce": 0.270581117272377, "aux.acc_seg": 95.96910095214844, "time": 0.8334240913391113, "iter": 10, "memory": 19492, "step": 10}
{"lr": 0.0009186948092431759, "data_time": 0.013731861114501953, "loss": 0.10645047724246978, "decode.loss_ce": 0.07305162101984024, "decode.acc_seg": 96.12689208984375, "aux.loss_ce": 0.03339885696768761, "aux.acc_seg": 96.12689208984375, "time": 0.33120477199554443, "iter": 638, "memory": 13810, "step": 638}
{"aAcc": 95.44, "mIoU": 51.21, "mAcc": 53.49, "mDice": 55.36, "data_time": 0.08869489034016927, "time": 0.4637451966603597, "step": 638}
